[

        {
            "id":"0",
            "idDriver":"0"
        },
        {
            "id":"1",
            "idDriver":"1"
        },
        {
            "id":"2",
            "idDriver":"2"
        },
        {
            "id":"3",
            "idDriver":"3"
        },
        {
            "id":"4",
            "idDriver":"4"
        },
        {
            "id":"5",
            "idDriver":"5"
        },
        {
            "id":"6",
            "idDriver":"6"
        },
        {
            "id":"7",
            "idDriver":"7"
        },
        {
            "id":"8",
            "idDriver":"8"
        },
        {
            "id":"9",
            "idDriver":"9"
        },
        {
            "id":"10",
            "idDriver":"10"
        },
        {
            "id":"11",
            "idDriver":"11"
        },
        {
            "id":"12",
            "idDriver":"12"
        },
        {
            "id":"13",
            "idDriver":"13"
        },
        {
            "id":"14",
            "idDriver":"14"
        },
        {
            "id":"15",
            "idDriver":"15"
        },
        {
            "id":"16",
            "idDriver":"16"
        },
        {
            "id":"17",
            "idDriver":"17"
        },
        {
            "id":"18",
            "idDriver":"18"
        },
        {
            "id":"19",
            "idDriver":"19"
        },
        {
            "id":"20",
            "idDriver":"20"
        },
        {
            "id":"21",
            "idDriver":"21"
        },
        {
            "id":"22",
            "idDriver":"22"
        },
        {
            "id":"23",
            "idDriver":"23"
        },
        {
            "id":"24",
            "idDriver":"24"
        },
        {
            "id":"25",
            "idDriver":"25"
        },
        {
            "id":"26",
            "idDriver":"26"
        },
        {
            "id":"27",
            "idDriver":"27"
        },
        {
            "id":"28",
            "idDriver":"28"
        },
        {
            "id":"29",
            "idDriver":"29"
        },
        {
            "id":"30",
            "idDriver":"30"
        },
        {
            "id":"31",
            "idDriver":"31"
        },
        {
            "id":"32",
            "idDriver":"32"
        },
        {
            "id":"33",
            "idDriver":"33"
        },
        {
            "id":"34",
            "idDriver":"34"
        },
        {
            "id":"35",
            "idDriver":"35"
        },
        {
            "id":"36",
            "idDriver":"36"
        },
        {
            "id":"37",
            "idDriver":"37"
        },
        {
            "id":"38",
            "idDriver":"38"
        },
        {
            "id":"39",
            "idDriver":"39"
        },
        {
            "id":"40",
            "idDriver":"40"
        },
        {
            "id":"41",
            "idDriver":"41"
        },
        {
            "id":"42",
            "idDriver":"42"
        },
        {
            "id":"43",
            "idDriver":"43"
        },
        {
            "id":"44",
            "idDriver":"44"
        },
        {
            "id":"45",
            "idDriver":"45"
        },
        {
            "id":"46",
            "idDriver":"46"
        },
        {
            "id":"47",
            "idDriver":"47"
        },
        {
            "id":"48",
            "idDriver":"48"
        },
        {
            "id":"49",
            "idDriver":"49"
        },
        {
            "id":"50",
            "idDriver":"50"
        },
        {
            "id":"51",
            "idDriver":"51"
        },
        {
            "id":"52",
            "idDriver":"52"
        },
        {
            "id":"53",
            "idDriver":"53"
        },
        {
            "id":"54",
            "idDriver":"54"
        },
        {
            "id":"55",
            "idDriver":"55"
        },
        {
            "id":"56",
            "idDriver":"56"
        },
        {
            "id":"57",
            "idDriver":"57"
        },
        {
            "id":"58",
            "idDriver":"58"
        },
        {
            "id":"59",
            "idDriver":"59"
        },
        {
            "id":"60",
            "idDriver":"60"
        },
        {
            "id":"61",
            "idDriver":"61"
        },
        {
            "id":"62",
            "idDriver":"62"
        },
        {
            "id":"63",
            "idDriver":"63"
        },
        {
            "id":"64",
            "idDriver":"64"
        },
        {
            "id":"65",
            "idDriver":"65"
        },
        {
            "id":"66",
            "idDriver":"66"
        },
        {
            "id":"67",
            "idDriver":"67"
        },
        {
            "id":"68",
            "idDriver":"68"
        },
        {
            "id":"69",
            "idDriver":"69"
        },
        {
            "id":"70",
            "idDriver":"70"
        },
        {
            "id":"71",
            "idDriver":"71"
        },
        {
            "id":"72",
            "idDriver":"72"
        },
        {
            "id":"73",
            "idDriver":"73"
        },
        {
            "id":"74",
            "idDriver":"74"
        },
        {
            "id":"75",
            "idDriver":"75"
        },
        {
            "id":"76",
            "idDriver":"76"
        },
        {
            "id":"77",
            "idDriver":"77"
        },
        {
            "id":"78",
            "idDriver":"78"
        },
        {
            "id":"79",
            "idDriver":"79"
        },
        {
            "id":"80",
            "idDriver":"80"
        },
        {
            "id":"81",
            "idDriver":"81"
        },
        {
            "id":"82",
            "idDriver":"82"
        },
        {
            "id":"83",
            "idDriver":"83"
        },
        {
            "id":"84",
            "idDriver":"84"
        },
        {
            "id":"85",
            "idDriver":"85"
        },
        {
            "id":"86",
            "idDriver":"86"
        },
        {
            "id":"87",
            "idDriver":"87"
        },
        {
            "id":"88",
            "idDriver":"88"
        },
        {
            "id":"89",
            "idDriver":"89"
        },
        {
            "id":"90",
            "idDriver":"90"
        },
        {
            "id":"91",
            "idDriver":"91"
        },
        {
            "id":"92",
            "idDriver":"92"
        },
        {
            "id":"93",
            "idDriver":"93"
        },
        {
            "id":"94",
            "idDriver":"94"
        },
        {
            "id":"95",
            "idDriver":"95"
        },
        {
            "id":"96",
            "idDriver":"96"
        },
        {
            "id":"97",
            "idDriver":"97"
        },
        {
            "id":"98",
            "idDriver":"98"
        },
        {
            "id":"99",
            "idDriver":"99"
        },
        {
            "id":"100",
            "idDriver":"100"
        },
        {
            "id":"101",
            "idDriver":"101"
        },
        {
            "id":"102",
            "idDriver":"102"
        },
        {
            "id":"103",
            "idDriver":"103"
        },
        {
            "id":"104",
            "idDriver":"104"
        },
        {
            "id":"105",
            "idDriver":"105"
        },
        {
            "id":"106",
            "idDriver":"106"
        },
        {
            "id":"107",
            "idDriver":"107"
        },
        {
            "id":"108",
            "idDriver":"108"
        },
        {
            "id":"109",
            "idDriver":"109"
        },
        {
            "id":"110",
            "idDriver":"110"
        },
        {
            "id":"111",
            "idDriver":"111"
        },
        {
            "id":"112",
            "idDriver":"112"
        },
        {
            "id":"113",
            "idDriver":"113"
        },
        {
            "id":"114",
            "idDriver":"114"
        },
        {
            "id":"115",
            "idDriver":"115"
        },
        {
            "id":"116",
            "idDriver":"116"
        },
        {
            "id":"117",
            "idDriver":"117"
        },
        {
            "id":"118",
            "idDriver":"118"
        },
        {
            "id":"119",
            "idDriver":"119"
        },
        {
            "id":"120",
            "idDriver":"120"
        },
        {
            "id":"121",
            "idDriver":"121"
        },
        {
            "id":"122",
            "idDriver":"122"
        },
        {
            "id":"123",
            "idDriver":"123"
        },
        {
            "id":"124",
            "idDriver":"124"
        },
        {
            "id":"125",
            "idDriver":"125"
        },
        {
            "id":"126",
            "idDriver":"126"
        },
        {
            "id":"127",
            "idDriver":"127"
        },
        {
            "id":"128",
            "idDriver":"128"
        },
        {
            "id":"129",
            "idDriver":"129"
        },
        {
            "id":"130",
            "idDriver":"130"
        },
        {
            "id":"131",
            "idDriver":"131"
        },
        {
            "id":"132",
            "idDriver":"132"
        },
        {
            "id":"133",
            "idDriver":"133"
        },
        {
            "id":"134",
            "idDriver":"134"
        },
        {
            "id":"135",
            "idDriver":"135"
        },
        {
            "id":"136",
            "idDriver":"136"
        },
        {
            "id":"137",
            "idDriver":"137"
        },
        {
            "id":"138",
            "idDriver":"138"
        },
        {
            "id":"139",
            "idDriver":"139"
        },
        {
            "id":"140",
            "idDriver":"140"
        },
        {
            "id":"141",
            "idDriver":"141"
        },
        {
            "id":"142",
            "idDriver":"142"
        },
        {
            "id":"143",
            "idDriver":"143"
        },
        {
            "id":"144",
            "idDriver":"144"
        },
        {
            "id":"145",
            "idDriver":"145"
        },
        {
            "id":"146",
            "idDriver":"146"
        },
        {
            "id":"147",
            "idDriver":"147"
        },
        {
            "id":"148",
            "idDriver":"148"
        },
        {
            "id":"149",
            "idDriver":"149"
        },
        {
            "id":"150",
            "idDriver":"150"
        },
        {
            "id":"151",
            "idDriver":"151"
        },
        {
            "id":"152",
            "idDriver":"152"
        },
        {
            "id":"153",
            "idDriver":"153"
        },
        {
            "id":"154",
            "idDriver":"154"
        },
        {
            "id":"155",
            "idDriver":"155"
        },
        {
            "id":"156",
            "idDriver":"156"
        },
        {
            "id":"157",
            "idDriver":"157"
        },
        {
            "id":"158",
            "idDriver":"158"
        },
        {
            "id":"159",
            "idDriver":"159"
        },
        {
            "id":"160",
            "idDriver":"160"
        },
        {
            "id":"161",
            "idDriver":"161"
        },
        {
            "id":"162",
            "idDriver":"162"
        },
        {
            "id":"163",
            "idDriver":"163"
        },
        {
            "id":"164",
            "idDriver":"164"
        },
        {
            "id":"165",
            "idDriver":"165"
        },
        {
            "id":"166",
            "idDriver":"166"
        },
        {
            "id":"167",
            "idDriver":"167"
        },
        {
            "id":"168",
            "idDriver":"168"
        },
        {
            "id":"169",
            "idDriver":"169"
        },
        {
            "id":"170",
            "idDriver":"170"
        },
        {
            "id":"171",
            "idDriver":"171"
        },
        {
            "id":"172",
            "idDriver":"172"
        },
        {
            "id":"173",
            "idDriver":"173"
        },
        {
            "id":"174",
            "idDriver":"174"
        },
        {
            "id":"175",
            "idDriver":"175"
        },
        {
            "id":"176",
            "idDriver":"176"
        },
        {
            "id":"177",
            "idDriver":"177"
        },
        {
            "id":"178",
            "idDriver":"178"
        },
        {
            "id":"179",
            "idDriver":"179"
        },
        {
            "id":"180",
            "idDriver":"180"
        },
        {
            "id":"181",
            "idDriver":"181"
        },
        {
            "id":"182",
            "idDriver":"182"
        },
        {
            "id":"183",
            "idDriver":"183"
        },
        {
            "id":"184",
            "idDriver":"184"
        },
        {
            "id":"185",
            "idDriver":"185"
        },
        {
            "id":"186",
            "idDriver":"186"
        },
        {
            "id":"187",
            "idDriver":"187"
        },
        {
            "id":"188",
            "idDriver":"188"
        },
        {
            "id":"189",
            "idDriver":"189"
        },
        {
            "id":"190",
            "idDriver":"190"
        },
        {
            "id":"191",
            "idDriver":"191"
        },
        {
            "id":"192",
            "idDriver":"192"
        },
        {
            "id":"193",
            "idDriver":"193"
        },
        {
            "id":"194",
            "idDriver":"194"
        },
        {
            "id":"195",
            "idDriver":"195"
        },
        {
            "id":"196",
            "idDriver":"196"
        },
        {
            "id":"197",
            "idDriver":"197"
        },
        {
            "id":"198",
            "idDriver":"198"
        },
        {
            "id":"199",
            "idDriver":"199"
        },
        {
            "id":"200",
            "idDriver":"200"
        },
        {
            "id":"201",
            "idDriver":"201"
        },
        {
            "id":"202",
            "idDriver":"202"
        },
        {
            "id":"203",
            "idDriver":"203"
        },
        {
            "id":"204",
            "idDriver":"204"
        },
        {
            "id":"205",
            "idDriver":"205"
        },
        {
            "id":"206",
            "idDriver":"206"
        },
        {
            "id":"207",
            "idDriver":"207"
        },
        {
            "id":"208",
            "idDriver":"208"
        },
        {
            "id":"209",
            "idDriver":"209"
        },
        {
            "id":"210",
            "idDriver":"210"
        },
        {
            "id":"211",
            "idDriver":"211"
        },
        {
            "id":"212",
            "idDriver":"212"
        },
        {
            "id":"213",
            "idDriver":"213"
        },
        {
            "id":"214",
            "idDriver":"214"
        },
        {
            "id":"215",
            "idDriver":"215"
        },
        {
            "id":"216",
            "idDriver":"216"
        },
        {
            "id":"217",
            "idDriver":"217"
        },
        {
            "id":"218",
            "idDriver":"218"
        },
        {
            "id":"219",
            "idDriver":"219"
        },
        {
            "id":"220",
            "idDriver":"220"
        },
        {
            "id":"221",
            "idDriver":"221"
        },
        {
            "id":"222",
            "idDriver":"222"
        },
        {
            "id":"223",
            "idDriver":"223"
        },
        {
            "id":"224",
            "idDriver":"224"
        },
        {
            "id":"225",
            "idDriver":"225"
        },
        {
            "id":"226",
            "idDriver":"226"
        },
        {
            "id":"227",
            "idDriver":"227"
        },
        {
            "id":"228",
            "idDriver":"228"
        },
        {
            "id":"229",
            "idDriver":"229"
        },
        {
            "id":"230",
            "idDriver":"230"
        },
        {
            "id":"231",
            "idDriver":"231"
        },
        {
            "id":"232",
            "idDriver":"232"
        },
        {
            "id":"233",
            "idDriver":"233"
        },
        {
            "id":"234",
            "idDriver":"234"
        },
        {
            "id":"235",
            "idDriver":"235"
        },
        {
            "id":"236",
            "idDriver":"236"
        },
        {
            "id":"237",
            "idDriver":"237"
        },
        {
            "id":"238",
            "idDriver":"238"
        },
        {
            "id":"239",
            "idDriver":"239"
        },
        {
            "id":"240",
            "idDriver":"240"
        },
        {
            "id":"241",
            "idDriver":"241"
        },
        {
            "id":"242",
            "idDriver":"242"
        },
        {
            "id":"243",
            "idDriver":"243"
        },
        {
            "id":"244",
            "idDriver":"244"
        },
        {
            "id":"245",
            "idDriver":"245"
        },
        {
            "id":"246",
            "idDriver":"246"
        },
        {
            "id":"247",
            "idDriver":"247"
        },
        {
            "id":"248",
            "idDriver":"248"
        },
        {
            "id":"249",
            "idDriver":"249"
        },
        {
            "id":"250",
            "idDriver":"250"
        },
        {
            "id":"251",
            "idDriver":"251"
        },
        {
            "id":"252",
            "idDriver":"252"
        },
        {
            "id":"253",
            "idDriver":"253"
        },
        {
            "id":"254",
            "idDriver":"254"
        },
        {
            "id":"255",
            "idDriver":"255"
        },
        {
            "id":"256",
            "idDriver":"256"
        },
        {
            "id":"257",
            "idDriver":"257"
        },
        {
            "id":"258",
            "idDriver":"258"
        },
        {
            "id":"259",
            "idDriver":"259"
        },
        {
            "id":"260",
            "idDriver":"260"
        },
        {
            "id":"261",
            "idDriver":"261"
        },
        {
            "id":"262",
            "idDriver":"262"
        },
        {
            "id":"263",
            "idDriver":"263"
        },
        {
            "id":"264",
            "idDriver":"264"
        },
        {
            "id":"265",
            "idDriver":"265"
        },
        {
            "id":"266",
            "idDriver":"266"
        },
        {
            "id":"267",
            "idDriver":"267"
        },
        {
            "id":"268",
            "idDriver":"268"
        },
        {
            "id":"269",
            "idDriver":"269"
        },
        {
            "id":"270",
            "idDriver":"270"
        },
        {
            "id":"271",
            "idDriver":"271"
        },
        {
            "id":"272",
            "idDriver":"272"
        },
        {
            "id":"273",
            "idDriver":"273"
        },
        {
            "id":"274",
            "idDriver":"274"
        },
        {
            "id":"275",
            "idDriver":"275"
        },
        {
            "id":"276",
            "idDriver":"276"
        },
        {
            "id":"277",
            "idDriver":"277"
        },
        {
            "id":"278",
            "idDriver":"278"
        },
        {
            "id":"279",
            "idDriver":"279"
        },
        {
            "id":"280",
            "idDriver":"280"
        },
        {
            "id":"281",
            "idDriver":"281"
        },
        {
            "id":"282",
            "idDriver":"282"
        },
        {
            "id":"283",
            "idDriver":"283"
        },
        {
            "id":"284",
            "idDriver":"284"
        },
        {
            "id":"285",
            "idDriver":"285"
        },
        {
            "id":"286",
            "idDriver":"286"
        },
        {
            "id":"287",
            "idDriver":"287"
        },
        {
            "id":"288",
            "idDriver":"288"
        },
        {
            "id":"289",
            "idDriver":"289"
        },
        {
            "id":"290",
            "idDriver":"290"
        },
        {
            "id":"291",
            "idDriver":"291"
        },
        {
            "id":"292",
            "idDriver":"292"
        },
        {
            "id":"293",
            "idDriver":"293"
        },
        {
            "id":"294",
            "idDriver":"294"
        },
        {
            "id":"295",
            "idDriver":"295"
        },
        {
            "id":"296",
            "idDriver":"296"
        },
        {
            "id":"297",
            "idDriver":"297"
        },
        {
            "id":"298",
            "idDriver":"298"
        },
        {
            "id":"299",
            "idDriver":"299"
        },
        {
            "id":"300",
            "idDriver":"300"
        },
        {
            "id":"301",
            "idDriver":"301"
        },
        {
            "id":"302",
            "idDriver":"302"
        },
        {
            "id":"303",
            "idDriver":"303"
        },
        {
            "id":"304",
            "idDriver":"304"
        },
        {
            "id":"305",
            "idDriver":"305"
        },
        {
            "id":"306",
            "idDriver":"306"
        },
        {
            "id":"307",
            "idDriver":"307"
        },
        {
            "id":"308",
            "idDriver":"308"
        },
        {
            "id":"309",
            "idDriver":"309"
        },
        {
            "id":"310",
            "idDriver":"310"
        },
        {
            "id":"311",
            "idDriver":"311"
        },
        {
            "id":"312",
            "idDriver":"312"
        },
        {
            "id":"313",
            "idDriver":"313"
        },
        {
            "id":"314",
            "idDriver":"314"
        },
        {
            "id":"315",
            "idDriver":"315"
        },
        {
            "id":"316",
            "idDriver":"316"
        },
        {
            "id":"317",
            "idDriver":"317"
        },
        {
            "id":"318",
            "idDriver":"318"
        },
        {
            "id":"319",
            "idDriver":"319"
        },
        {
            "id":"320",
            "idDriver":"320"
        },
        {
            "id":"321",
            "idDriver":"321"
        },
        {
            "id":"322",
            "idDriver":"322"
        },
        {
            "id":"323",
            "idDriver":"323"
        },
        {
            "id":"324",
            "idDriver":"324"
        },
        {
            "id":"325",
            "idDriver":"325"
        },
        {
            "id":"326",
            "idDriver":"326"
        },
        {
            "id":"327",
            "idDriver":"327"
        },
        {
            "id":"328",
            "idDriver":"328"
        },
        {
            "id":"329",
            "idDriver":"329"
        },
        {
            "id":"330",
            "idDriver":"330"
        },
        {
            "id":"331",
            "idDriver":"331"
        },
        {
            "id":"332",
            "idDriver":"332"
        },
        {
            "id":"333",
            "idDriver":"333"
        },
        {
            "id":"334",
            "idDriver":"334"
        },
        {
            "id":"335",
            "idDriver":"335"
        },
        {
            "id":"336",
            "idDriver":"336"
        },
        {
            "id":"337",
            "idDriver":"337"
        },
        {
            "id":"338",
            "idDriver":"338"
        },
        {
            "id":"339",
            "idDriver":"339"
        },
        {
            "id":"340",
            "idDriver":"340"
        },
        {
            "id":"341",
            "idDriver":"341"
        },
        {
            "id":"342",
            "idDriver":"342"
        },
        {
            "id":"343",
            "idDriver":"343"
        },
        {
            "id":"344",
            "idDriver":"344"
        },
        {
            "id":"345",
            "idDriver":"345"
        },
        {
            "id":"346",
            "idDriver":"346"
        },
        {
            "id":"347",
            "idDriver":"347"
        },
        {
            "id":"348",
            "idDriver":"348"
        },
        {
            "id":"349",
            "idDriver":"349"
        },
        {
            "id":"350",
            "idDriver":"350"
        },
        {
            "id":"351",
            "idDriver":"351"
        },
        {
            "id":"352",
            "idDriver":"352"
        },
        {
            "id":"353",
            "idDriver":"353"
        },
        {
            "id":"354",
            "idDriver":"354"
        },
        {
            "id":"355",
            "idDriver":"355"
        },
        {
            "id":"356",
            "idDriver":"356"
        },
        {
            "id":"357",
            "idDriver":"357"
        },
        {
            "id":"358",
            "idDriver":"358"
        },
        {
            "id":"359",
            "idDriver":"359"
        },
        {
            "id":"360",
            "idDriver":"360"
        },
        {
            "id":"361",
            "idDriver":"361"
        },
        {
            "id":"362",
            "idDriver":"362"
        },
        {
            "id":"363",
            "idDriver":"363"
        },
        {
            "id":"364",
            "idDriver":"364"
        },
        {
            "id":"365",
            "idDriver":"365"
        },
        {
            "id":"366",
            "idDriver":"366"
        },
        {
            "id":"367",
            "idDriver":"367"
        },
        {
            "id":"368",
            "idDriver":"368"
        },
        {
            "id":"369",
            "idDriver":"369"
        },
        {
            "id":"370",
            "idDriver":"370"
        },
        {
            "id":"371",
            "idDriver":"371"
        },
        {
            "id":"372",
            "idDriver":"372"
        },
        {
            "id":"373",
            "idDriver":"373"
        },
        {
            "id":"374",
            "idDriver":"374"
        },
        {
            "id":"375",
            "idDriver":"375"
        },
        {
            "id":"376",
            "idDriver":"376"
        },
        {
            "id":"377",
            "idDriver":"377"
        },
        {
            "id":"378",
            "idDriver":"378"
        },
        {
            "id":"379",
            "idDriver":"379"
        },
        {
            "id":"380",
            "idDriver":"380"
        },
        {
            "id":"381",
            "idDriver":"381"
        },
        {
            "id":"382",
            "idDriver":"382"
        },
        {
            "id":"383",
            "idDriver":"383"
        },
        {
            "id":"384",
            "idDriver":"384"
        },
        {
            "id":"385",
            "idDriver":"385"
        },
        {
            "id":"386",
            "idDriver":"386"
        },
        {
            "id":"387",
            "idDriver":"387"
        },
        {
            "id":"388",
            "idDriver":"388"
        },
        {
            "id":"389",
            "idDriver":"389"
        },
        {
            "id":"390",
            "idDriver":"390"
        },
        {
            "id":"391",
            "idDriver":"391"
        },
        {
            "id":"392",
            "idDriver":"392"
        },
        {
            "id":"393",
            "idDriver":"393"
        },
        {
            "id":"394",
            "idDriver":"394"
        },
        {
            "id":"395",
            "idDriver":"395"
        },
        {
            "id":"396",
            "idDriver":"396"
        },
        {
            "id":"397",
            "idDriver":"397"
        },
        {
            "id":"398",
            "idDriver":"398"
        },
        {
            "id":"399",
            "idDriver":"399"
        },
        {
            "id":"400",
            "idDriver":"400"
        },
        {
            "id":"401",
            "idDriver":"401"
        },
        {
            "id":"402",
            "idDriver":"402"
        },
        {
            "id":"403",
            "idDriver":"403"
        },
        {
            "id":"404",
            "idDriver":"404"
        }
    ]
        