﻿<?xml version="1.0" encoding="utf-8"?>
<doc>
  <assembly>
    <name>Microsoft.Owin.Host.SystemWeb</name>
  </assembly>
  <members>
    <member name="T:Microsoft.Owin.Host.SystemWeb.OwinHttpHandler">
      <summary>Elabora richieste da System.Web come richieste OWIN.</summary>
    </member>
    <member name="M:Microsoft.Owin.Host.SystemWeb.OwinHttpHandler.#ctor">
      <summary>Elabora le richieste usando l'applicazione OWIN predefinita.</summary>
    </member>
    <member name="M:Microsoft.Owin.Host.SystemWeb.OwinHttpHandler.BeginProcessRequest(System.Web.HttpContextBase,System.AsyncCallback,System.Object)">
      <summary>Avvia una chiamata asincrona all'handler HTTP.</summary>
      <returns>Interfaccia System.IAsyncResult contenente informazioni sullo stato del processo.</returns>
      <param name="httpContext">Oggetto System.Web.HttpContextBase che fornisce riferimenti a oggetti intrinseci del server (ad esempio richiesta, risposta, sessione e server) utilizzati per gestire richieste HTTP.</param>
      <param name="callback">Oggetto System.AsyncCallback da chiamare quando la chiamata asincrona al metodo è completa.Se il callback è nullo, il delegato non viene chiamato.</param>
      <param name="extraData">Tutti i dati extra necessari per elaborare la richiesta.</param>
    </member>
    <member name="M:Microsoft.Owin.Host.SystemWeb.OwinHttpHandler.EndProcessRequest(System.IAsyncResult)">
      <summary>Fornisce un metodo End di processo asincrono al termine del processo.</summary>
      <param name="result">Interfaccia System.IAsyncResult contenente informazioni sullo stato del processo.</param>
    </member>
    <member name="P:Microsoft.Owin.Host.SystemWeb.OwinHttpHandler.IsReusable">
      <summary>Ottiene un valore che indica se l'istanza dell'interfaccia System.Web.IHttpHandler può essere utilizzata da un'altra richiesta.</summary>
      <returns>true.</returns>
    </member>
    <member name="M:Microsoft.Owin.Host.SystemWeb.OwinHttpHandler.System#Web#IHttpAsyncHandler#BeginProcessRequest(System.Web.HttpContext,System.AsyncCallback,System.Object)">
      <summary>Avvia una chiamata asincrona all'handler HTTP.</summary>
      <returns>Interfaccia <see cref="T:System.IAsyncResult" /> contenente informazioni sullo stato del processo.</returns>
      <param name="context">Oggetto <see cref="T:System.Web.HttpContext" />che fornisce riferimenti a oggetti intrinseci del server (ad esempio richiesta, risposta, sessione e server) utilizzati per gestire richieste HTTP.</param>
      <param name="cb">Oggetto <see cref="T:System.AsyncCallback" /> da chiamare quando la chiamata asincrona al metodo è completa.Se il callback è nullo, il delegato non viene chiamato.</param>
      <param name="extraData">Tutti i dati extra necessari per elaborare la richiesta.</param>
    </member>
    <member name="M:Microsoft.Owin.Host.SystemWeb.OwinHttpHandler.System#Web#IHttpHandler#ProcessRequest(System.Web.HttpContext)">
      <summary>Elabora la richiesta per l'handler HTTP.</summary>
      <param name="context">Contesto.</param>
    </member>
    <member name="T:Microsoft.Owin.Host.SystemWeb.OwinRouteHandler">
      <summary>Elabora una route attraverso una pipeline OWIN.</summary>
    </member>
    <member name="M:Microsoft.Owin.Host.SystemWeb.OwinRouteHandler.#ctor(System.Action{Owin.IAppBuilder})">
      <summary>Inizializzare un OwinRouteHandler</summary>
      <param name="startup">Metodo di inizializzazione della pipeline che elabora le richieste per la route.</param>
    </member>
    <member name="M:Microsoft.Owin.Host.SystemWeb.OwinRouteHandler.GetHttpHandler(System.Web.Routing.RequestContext)">
      <summary>Fornisce l'oggetto che elabora la richiesta.</summary>
      <returns>Oggetto che elabora la richiesta.</returns>
      <param name="requestContext">Oggetto che incapsula informazioni sulla richiesta.</param>
    </member>
    <member name="M:Microsoft.Owin.Host.SystemWeb.OwinRouteHandler.System#Web#Routing#IRouteHandler#GetHttpHandler(System.Web.Routing.RequestContext)">
      <summary>Fornisce l'oggetto che elabora la richiesta.</summary>
      <returns>Oggetto che elabora la richiesta.</returns>
      <param name="requestContext">Oggetto che incapsula informazioni sulla richiesta.</param>
    </member>
    <member name="T:Microsoft.Owin.Host.SystemWeb.PreApplicationStart">
      <summary>Registra il modulo di elaborazione della richiesta OWIN all'avvio dell'applicazione.</summary>
    </member>
    <member name="M:Microsoft.Owin.Host.SystemWeb.PreApplicationStart.Initialize">
      <summary>Registra il modulo di elaborazione della richiesta OWIN.</summary>
    </member>
    <member name="T:System.Web.HttpContextBaseExtensions">
      <summary>Fornisce i metodi di estensione per <see cref="T:System.Web.HttpContextBase" />.</summary>
    </member>
    <member name="M:System.Web.HttpContextBaseExtensions.GetOwinContext(System.Web.HttpContextBase)">
      <summary>Ottiene l'oggetto <see cref="T:Microsoft.Owin.IOwinContext" /> per la richiesta corrente.</summary>
    </member>
    <member name="M:System.Web.HttpContextBaseExtensions.GetOwinContext(System.Web.HttpRequestBase)">
      <summary>Ottiene l'oggetto <see cref="T:Microsoft.Owin.IOwinContext" /> per la richiesta corrente.</summary>
    </member>
    <member name="T:System.Web.HttpContextExtensions">
      <summary>Fornisce i metodi di estensione per <see cref="T:System.Web.HttpContext" />.</summary>
    </member>
    <member name="M:System.Web.HttpContextExtensions.GetOwinContext(System.Web.HttpContext)">
      <summary>Ottiene l'oggetto <see cref="T:Microsoft.Owin.IOwinContext" /> per la richiesta corrente.</summary>
    </member>
    <member name="M:System.Web.HttpContextExtensions.GetOwinContext(System.Web.HttpRequest)">
      <summary>Ottiene l'oggetto <see cref="T:Microsoft.Owin.IOwinContext" /> per la richiesta corrente.</summary>
    </member>
    <member name="T:System.Web.Routing.RouteCollectionExtensions">
      <summary>Fornisce i metodi di estensione per la registrazione delle applicazioni OWIN come route System.Web.</summary>
    </member>
    <member name="M:System.Web.Routing.RouteCollectionExtensions.MapOwinPath(System.Web.Routing.RouteCollection,System.String)">
      <summary>Registra una route per l'applicazione OWIN predefinita.</summary>
      <returns>Route creata.</returns>
      <param name="routes">Insieme di route.</param>
      <param name="pathBase">Percorso virtuale per il mapping all'applicazione OWIN predefinita.</param>
    </member>
    <member name="M:System.Web.Routing.RouteCollectionExtensions.MapOwinPath(System.Web.Routing.RouteCollection,System.String,System.Action{Owin.IAppBuilder})">
      <summary>Richiama il delegato dell'avvio di System.Action per creare l'applicazione OWIN, quindi registrare una route per la stessa nel percorso dato.</summary>
      <returns>Route creata.</returns>
      <param name="routes">Insieme di route.</param>
      <param name="pathBase">Percorso della route per il mapping all'applicazione OWIN data.</param>
      <param name="startup">Delegato System.Action richiamato per creare l'applicazione OWIN.</param>
    </member>
    <member name="M:System.Web.Routing.RouteCollectionExtensions.MapOwinPath(System.Web.Routing.RouteCollection,System.String,System.String)">
      <summary> Registra una route per l'applicazione OWIN predefinita. </summary>
      <returns>Route creata.</returns>
      <param name="routes">Insieme di route.</param>
      <param name="name">Nome dato della route.</param>
      <param name="pathBase">Percorso virtuale per il mapping all'applicazione OWIN predefinita.</param>
    </member>
    <member name="M:System.Web.Routing.RouteCollectionExtensions.MapOwinPath(System.Web.Routing.RouteCollection,System.String,System.String,System.Action{Owin.IAppBuilder})">
      <summary> Richiama il delegato dell'avvio di System.Action per creare l'applicazione OWIN, quindi registrare una route per la stessa nel percorso dato. </summary>
      <returns>Route creata.</returns>
      <param name="routes">Insieme di route.</param>
      <param name="name">Nome dato della route.</param>
      <param name="pathBase">Percorso della route per il mapping all'applicazione OWIN data.</param>
      <param name="startup">Delegato System.Action richiamato per creare l'applicazione OWIN.</param>
    </member>
    <member name="M:System.Web.Routing.RouteCollectionExtensions.MapOwinPath``1(System.Web.Routing.RouteCollection,System.String,System.String,``0)">
      <summary> Registra una route per un punto di ingresso di un'applicazione OWIN specifico. </summary>
      <returns>Route creata.</returns>
      <param name="routes">Insieme di route.</param>
      <param name="name">Nome dato della route.</param>
      <param name="pathBase">Percorso della route per il mapping all'applicazione OWIN data.</param>
      <param name="app">Punto di ingresso dell'applicazione OWIN.</param>
      <typeparam name="TApp">Tipo di punto di ingresso dell'applicazione OWIN.</typeparam>
    </member>
    <member name="M:System.Web.Routing.RouteCollectionExtensions.MapOwinPath``1(System.Web.Routing.RouteCollection,System.String,``0)">
      <summary> Registra una route per un punto di ingresso di un'applicazione OWIN specifico. </summary>
      <returns>Route creata.</returns>
      <param name="routes">Insieme di route.</param>
      <param name="pathBase">Percorso della route per il mapping all'applicazione OWIN data.</param>
      <param name="app">Punto di ingresso dell'applicazione OWIN.</param>
      <typeparam name="TApp">Tipo di punto di ingresso dell'applicazione OWIN.</typeparam>
    </member>
    <member name="M:System.Web.Routing.RouteCollectionExtensions.MapOwinRoute(System.Web.Routing.RouteCollection,System.String,System.Action{Owin.IAppBuilder})">
      <summary>Fornisce un modo per definire route per una pipeline OWIN.</summary>
      <returns>Route creata.</returns>
      <param name="routes">Insieme di route.</param>
      <param name="routeUrl">Modello di URL per la route.</param>
      <param name="startup">Metodo di inizializzazione della pipeline che elabora le richieste per la route.</param>
    </member>
    <member name="M:System.Web.Routing.RouteCollectionExtensions.MapOwinRoute(System.Web.Routing.RouteCollection,System.String,System.String,System.Action{Owin.IAppBuilder})">
      <summary> Fornisce un modo per definire route per una pipeline OWIN. </summary>
      <returns>Route creata.</returns>
      <param name="routes">Insieme di route.</param>
      <param name="routeName">Nome della route.</param>
      <param name="routeUrl">Modello di URL per la route.</param>
      <param name="startup">Metodo di inizializzazione della pipeline che elabora le richieste per la route.</param>
    </member>
    <member name="M:System.Web.Routing.RouteCollectionExtensions.MapOwinRoute(System.Web.Routing.RouteCollection,System.String,System.String,System.Web.Routing.RouteValueDictionary,System.Action{Owin.IAppBuilder})">
      <summary> Fornisce un modo per definire route per una pipeline OWIN. </summary>
      <returns>Route creata.</returns>
      <param name="routes">Insieme di route.</param>
      <param name="routeName">Nome della route.</param>
      <param name="routeUrl">Modello di URL per la route.</param>
      <param name="defaults">Valori da utilizzare se l'URL non contiene tutti i parametri.</param>
      <param name="startup">Metodo di inizializzazione della pipeline che elabora le richieste per la route.</param>
    </member>
    <member name="M:System.Web.Routing.RouteCollectionExtensions.MapOwinRoute(System.Web.Routing.RouteCollection,System.String,System.String,System.Web.Routing.RouteValueDictionary,System.Web.Routing.RouteValueDictionary,System.Action{Owin.IAppBuilder})">
      <summary> Fornisce un modo per definire route per una pipeline OWIN. </summary>
      <returns>Route creata.</returns>
      <param name="routes">Insieme di route.</param>
      <param name="routeName">Nome della route.</param>
      <param name="routeUrl">Modello di URL per la route.</param>
      <param name="defaults">Valori da utilizzare se l'URL non contiene tutti i parametri.</param>
      <param name="constraints">Espressione regolare che specifica i valori validi per il parametro dell'URL.</param>
      <param name="startup">Metodo di inizializzazione della pipeline che elabora le richieste per la route.</param>
    </member>
    <member name="M:System.Web.Routing.RouteCollectionExtensions.MapOwinRoute(System.Web.Routing.RouteCollection,System.String,System.String,System.Web.Routing.RouteValueDictionary,System.Web.Routing.RouteValueDictionary,System.Web.Routing.RouteValueDictionary,System.Action{Owin.IAppBuilder})">
      <summary> Fornisce un modo per definire route per una pipeline OWIN. </summary>
      <returns>Route creata.</returns>
      <param name="routes">Insieme di route.</param>
      <param name="routeName">Nome della route.</param>
      <param name="routeUrl">Modello di URL per la route.</param>
      <param name="defaults">Valori da utilizzare se l'URL non contiene tutti i parametri.</param>
      <param name="constraints">Espressione regolare che specifica i valori validi per il parametro dell'URL.</param>
      <param name="dataTokens">Valori personalizzati passati al gestore della route, ma non utilizzati per determinare se la route corrisponde a un modello di URL specifico.Questi valori vengono passati al gestore della route, in cui possono essere utilizzati per elaborare la richiesta.</param>
      <param name="startup">Metodo di inizializzazione della pipeline che elabora le richieste per la route.</param>
    </member>
    <member name="M:System.Web.Routing.RouteCollectionExtensions.MapOwinRoute(System.Web.Routing.RouteCollection,System.String,System.Web.Routing.RouteValueDictionary,System.Action{Owin.IAppBuilder})">
      <summary> Fornisce un modo per definire route per una pipeline OWIN. </summary>
      <returns>Route creata.</returns>
      <param name="routes">Insieme di route.</param>
      <param name="routeUrl">Modello di URL per la route.</param>
      <param name="defaults">Valori da utilizzare se l'URL non contiene tutti i parametri.</param>
      <param name="startup">Metodo di inizializzazione della pipeline che elabora le richieste per la route.</param>
    </member>
    <member name="M:System.Web.Routing.RouteCollectionExtensions.MapOwinRoute(System.Web.Routing.RouteCollection,System.String,System.Web.Routing.RouteValueDictionary,System.Web.Routing.RouteValueDictionary,System.Action{Owin.IAppBuilder})">
      <summary> Fornisce un modo per definire route per una pipeline OWIN. </summary>
      <returns>Route creata.</returns>
      <param name="routes">Insieme di route.</param>
      <param name="routeUrl">Modello di URL per la route.</param>
      <param name="defaults">Valori da utilizzare se l'URL non contiene tutti i parametri.</param>
      <param name="constraints">Espressione regolare che specifica i valori validi per il parametro dell'URL.</param>
      <param name="startup">Metodo di inizializzazione della pipeline che elabora le richieste per la route.</param>
    </member>
    <member name="M:System.Web.Routing.RouteCollectionExtensions.MapOwinRoute(System.Web.Routing.RouteCollection,System.String,System.Web.Routing.RouteValueDictionary,System.Web.Routing.RouteValueDictionary,System.Web.Routing.RouteValueDictionary,System.Action{Owin.IAppBuilder})">
      <summary> Fornisce un modo per definire route per una pipeline OWIN. </summary>
      <returns>Route creata.</returns>
      <param name="routes">Insieme di route.</param>
      <param name="routeUrl">Modello di URL per la route.</param>
      <param name="defaults">Valori da utilizzare se l'URL non contiene tutti i parametri.</param>
      <param name="constraints">Espressione regolare che specifica i valori validi per il parametro dell'URL.</param>
      <param name="dataTokens">Valori personalizzati passati al gestore della route, ma non utilizzati per determinare se la route corrisponde a un modello di URL specifico.Questi valori vengono passati al gestore della route, in cui possono essere utilizzati per elaborare la richiesta.</param>
      <param name="startup">Metodo di inizializzazione della pipeline che elabora le richieste per la route.</param>
    </member>
  </members>
</doc>