﻿<?xml version="1.0" encoding="utf-8"?>
<doc>
  <assembly>
    <name>Microsoft.Owin.Security.Twitter</name>
  </assembly>
  <members>
    <member name="T:Microsoft.Owin.Security.Twitter.ITwitterAuthenticationProvider">
      <summary>Specifica i metodi di callback che <see cref="T:Microsoft.Owin.Security.Twitter.TwitterAuthenticationMiddleware" /> richiama per abilitare il controllo dello sviluppatore sul processo di autenticazione./&amp;amp;gt;</summary>
    </member>
    <member name="M:Microsoft.Owin.Security.Twitter.ITwitterAuthenticationProvider.ApplyRedirect(Microsoft.Owin.Security.Twitter.TwitterApplyRedirectContext)">
      <summary>Chiamato quando una richiesta determina un reindirizzamento all'endpoint Authorize nel middleware di Twitter</summary>
      <param name="context">Contiene l'URI di reindirizzamento e le proprietà <see cref="T:Microsoft.Owin.Security.AuthenticationProperties" /> della richiesta</param>
    </member>
    <member name="M:Microsoft.Owin.Security.Twitter.ITwitterAuthenticationProvider.Authenticated(Microsoft.Owin.Security.Twitter.TwitterAuthenticatedContext)">
      <summary>Richiamato ogniqualvolta Twitter autentica correttamente un utente</summary>
      <returns>
        <see cref="T:System.Threading.Tasks.Task" /> che rappresenta l'operazione completata.</returns>
      <param name="context">Contiene informazioni relative alla sessione di accesso e all'oggetto <see cref="T:System.Security.Claims.ClaimsIdentity" /> dell'utente.</param>
    </member>
    <member name="M:Microsoft.Owin.Security.Twitter.ITwitterAuthenticationProvider.ReturnEndpoint(Microsoft.Owin.Security.Twitter.TwitterReturnEndpointContext)">
      <summary>Richiamato prima che l'oggetto <see cref="T:System.Security.Claims.ClaimsIdentity" /> venga salvato in un cookie locale e il browser venga reindirizzato all'URL richiesto in origine.</summary>
      <returns>
        <see cref="T:System.Threading.Tasks.Task" /> che rappresenta l'operazione completata.</returns>
    </member>
    <member name="T:Microsoft.Owin.Security.Twitter.TwitterApplyRedirectContext">
      <summary>Contesto passato quando una richiesta determina un reindirizzamento all'endpoint Authorize nel middleware di Twitter</summary>
    </member>
    <member name="M:Microsoft.Owin.Security.Twitter.TwitterApplyRedirectContext.#ctor(Microsoft.Owin.IOwinContext,Microsoft.Owin.Security.Twitter.TwitterAuthenticationOptions,Microsoft.Owin.Security.AuthenticationProperties,System.String)">
      <summary>Crea un nuovo oggetto di contesto.</summary>
      <param name="context">Contesto della richiesta OWIN</param>
      <param name="options">Opzioni del middleware di Facebook</param>
      <param name="properties">Proprietà di autenticazione della richiesta</param>
      <param name="redirectUri">URI di reindirizzamento iniziale</param>
    </member>
    <member name="P:Microsoft.Owin.Security.Twitter.TwitterApplyRedirectContext.Properties">
      <summary>Ottiene le proprietà di autenticazione della richiesta</summary>
    </member>
    <member name="P:Microsoft.Owin.Security.Twitter.TwitterApplyRedirectContext.RedirectUri">
      <summary>Ottiene l'URI usato per l'operazione di reindirizzamento.</summary>
    </member>
    <member name="T:Microsoft.Owin.Security.Twitter.TwitterAuthenticatedContext">
      <summary>Contiene informazioni relative alla sessione di accesso e all'oggetto <see cref="T:System.Security.Claims.ClaimsIdentity" /> dell'utente.</summary>
    </member>
    <member name="M:Microsoft.Owin.Security.Twitter.TwitterAuthenticatedContext.#ctor(Microsoft.Owin.IOwinContext,System.String,System.String,System.String,System.String)">
      <summary>Inizializza un oggetto <see cref="T:Microsoft.Owin.Security.Twitter.TwitterAuthenticatedContext" /></summary>
      <param name="context">Ambiente OWIN.</param>
      <param name="userId">ID utente di Twitter</param>
      <param name="screenName">Nome della schermata di Twitter</param>
      <param name="accessToken">Token di accesso a Twitter</param>
      <param name="accessTokenSecret">Segreto del token di accesso a Twitter</param>
    </member>
    <member name="P:Microsoft.Owin.Security.Twitter.TwitterAuthenticatedContext.AccessToken">
      <summary>Ottiene il token di accesso a Twitter</summary>
    </member>
    <member name="P:Microsoft.Owin.Security.Twitter.TwitterAuthenticatedContext.AccessTokenSecret">
      <summary>Ottiene il segreto del token di accesso a Twitter</summary>
    </member>
    <member name="P:Microsoft.Owin.Security.Twitter.TwitterAuthenticatedContext.Identity">
      <summary>Ottiene l'oggetto <see cref="T:System.Security.Claims.ClaimsIdentity" /> che rappresenta l'utente</summary>
    </member>
    <member name="P:Microsoft.Owin.Security.Twitter.TwitterAuthenticatedContext.Properties">
      <summary>Ottiene o imposta un contenitore delle proprietà per le proprietà di autenticazione comuni</summary>
    </member>
    <member name="P:Microsoft.Owin.Security.Twitter.TwitterAuthenticatedContext.ScreenName">
      <summary>Ottiene il nome della schermata di Twitter</summary>
    </member>
    <member name="P:Microsoft.Owin.Security.Twitter.TwitterAuthenticatedContext.UserId">
      <summary>Ottiene l'ID utente di Twitter.</summary>
    </member>
    <member name="T:Microsoft.Owin.Security.Twitter.TwitterAuthenticationMiddleware">
      <summary>Middleware OWIN per l'autenticazione degli utenti che utilizzano Twitter</summary>
    </member>
    <member name="M:Microsoft.Owin.Security.Twitter.TwitterAuthenticationMiddleware.#ctor(Microsoft.Owin.OwinMiddleware,Owin.IAppBuilder,Microsoft.Owin.Security.Twitter.TwitterAuthenticationOptions)">
      <summary>Inizializza un oggetto <see cref="T:Microsoft.Owin.Security.Twitter.TwitterAuthenticationMiddleware" /></summary>
      <param name="next">Successivo middleware della pipeline OWIN da richiamare</param>
      <param name="app">Applicazione OWIN</param>
      <param name="options">Opzioni di configurazione per il middleware</param>
    </member>
    <member name="M:Microsoft.Owin.Security.Twitter.TwitterAuthenticationMiddleware.CreateHandler">
      <summary>Fornisce l'oggetto <see cref="T:Microsoft.Owin.Security.Infrastructure.AuthenticationHandler" /> per l'elaborazione delle richieste correlate all'autenticazione.</summary>
      <returns>
        <see cref="T:Microsoft.Owin.Security.Infrastructure.AuthenticationHandler" /> configurato con l'oggetto <see cref="T:Microsoft.Owin.Security.Twitter.TwitterAuthenticationOptions" /> fornito al costruttore.</returns>
    </member>
    <member name="T:Microsoft.Owin.Security.Twitter.TwitterAuthenticationOptions">
      <summary>Opzioni per il middleware di autenticazione di Twitter.</summary>
    </member>
    <member name="M:Microsoft.Owin.Security.Twitter.TwitterAuthenticationOptions.#ctor">
      <summary>Inizializza una nuova istanza della classe <see cref="T:Microsoft.Owin.Security.Twitter.TwitterAuthenticationOptions" />.</summary>
    </member>
    <member name="P:Microsoft.Owin.Security.Twitter.TwitterAuthenticationOptions.BackchannelCertificateValidator">
      <summary>Ottiene o imposta il validator con certificate pinning da utilizzare per convalidare gli endpoint utilizzati nelle comunicazioni back channel di Twitter.</summary>
      <returns>Validator con certificate pinning.</returns>
    </member>
    <member name="P:Microsoft.Owin.Security.Twitter.TwitterAuthenticationOptions.BackchannelHttpHandler">
      <summary>HttpMessageHandler utilizzato per comunicare con Twitter.Non può essere impostato contemporaneamente a BackchannelCertificateValidator a meno che non sia possibile eseguire il downcast del valore a un WebRequestHandler.</summary>
    </member>
    <member name="P:Microsoft.Owin.Security.Twitter.TwitterAuthenticationOptions.BackchannelTimeout">
      <summary>Ottiene o imposta il valore di timeout in millisecondi per le comunicazioni back channel con Twitter.</summary>
      <returns>Timeout back channel.</returns>
    </member>
    <member name="P:Microsoft.Owin.Security.Twitter.TwitterAuthenticationOptions.CallbackPath">
      <summary>Percorso di richiesta nel percorso di base dell'applicazione in cui verrà restituito l'agente utente.Il middleware elaborerà questa richiesta non appena arriva.Il valore predefinito è "/signin-twitter".</summary>
    </member>
    <member name="P:Microsoft.Owin.Security.Twitter.TwitterAuthenticationOptions.Caption">
      <summary>Ottiene o imposta il testo che l'utente può visualizzare su un'interfaccia utente di accesso.</summary>
    </member>
    <member name="P:Microsoft.Owin.Security.Twitter.TwitterAuthenticationOptions.ConsumerKey">
      <summary>Ottiene o imposta il codice del cliente utilizzato per comunicare con Twitter.</summary>
      <returns>Codice del cliente utilizzato per comunicare con Twitter.</returns>
    </member>
    <member name="P:Microsoft.Owin.Security.Twitter.TwitterAuthenticationOptions.ConsumerSecret">
      <summary>Ottiene o imposta il segreto del cliente utilizzato per firmare le richieste a Twitter.</summary>
      <returns>Segreto del cliente utilizzato per firmare le richieste a Twitter.</returns>
    </member>
    <member name="P:Microsoft.Owin.Security.Twitter.TwitterAuthenticationOptions.Provider">
      <summary>Ottiene o imposta l'oggetto <see cref="T:Microsoft.Owin.Security.Twitter.ITwitterAuthenticationProvider" /> utilizzato per gestire gli eventi di autenticazione.</summary>
    </member>
    <member name="P:Microsoft.Owin.Security.Twitter.TwitterAuthenticationOptions.SignInAsAuthenticationType">
      <summary>Ottiene o imposta il nome di un altro middleware di autenticazione che sarà responsabile dell'emissione effettiva di un oggetto <see cref="T:System.Security.Claims.ClaimsIdentity" /> dell'utente.</summary>
    </member>
    <member name="P:Microsoft.Owin.Security.Twitter.TwitterAuthenticationOptions.StateDataFormat">
      <summary>Ottiene o imposta il tipo utilizzato per proteggere i dati gestiti dal middleware.</summary>
    </member>
    <member name="T:Microsoft.Owin.Security.Twitter.TwitterAuthenticationProvider">
      <summary>Implementazione predefinita di <see cref="T:Microsoft.Owin.Security.Twitter.ITwitterAuthenticationProvider" />.</summary>
    </member>
    <member name="M:Microsoft.Owin.Security.Twitter.TwitterAuthenticationProvider.#ctor">
      <summary>Inizializza un oggetto <see cref="T:Microsoft.Owin.Security.Twitter.TwitterAuthenticationProvider" /></summary>
    </member>
    <member name="M:Microsoft.Owin.Security.Twitter.TwitterAuthenticationProvider.ApplyRedirect(Microsoft.Owin.Security.Twitter.TwitterApplyRedirectContext)">
      <summary>Chiamato quando una richiesta determina un reindirizzamento all'endpoint Authorize nel middleware di Twitter</summary>
      <param name="context">Contiene l'URI di reindirizzamento e le proprietà <see cref="T:Microsoft.Owin.Security.AuthenticationProperties" /> della richiesta</param>
    </member>
    <member name="M:Microsoft.Owin.Security.Twitter.TwitterAuthenticationProvider.Authenticated(Microsoft.Owin.Security.Twitter.TwitterAuthenticatedContext)">
      <summary>Richiamato ogniqualvolta Twitter autentica correttamente un utente</summary>
      <returns>
        <see cref="T:System.Threading.Tasks.Task" /> che rappresenta l'operazione completata.</returns>
      <param name="context">Contiene informazioni relative alla sessione di accesso e all'oggetto <see cref="T:System.Security.Claims.ClaimsIdentity" /> dell'utente.</param>
    </member>
    <member name="P:Microsoft.Owin.Security.Twitter.TwitterAuthenticationProvider.OnApplyRedirect">
      <summary>Ottiene o imposta il delegato richiamato con il metodo ApplyRedirect.</summary>
    </member>
    <member name="P:Microsoft.Owin.Security.Twitter.TwitterAuthenticationProvider.OnAuthenticated">
      <summary>Ottiene o imposta la funzione richiamata con il metodo di autenticazione.</summary>
    </member>
    <member name="P:Microsoft.Owin.Security.Twitter.TwitterAuthenticationProvider.OnReturnEndpoint">
      <summary>Ottiene o imposta la funzione richiamata con il metodo ReturnEndpoint.</summary>
    </member>
    <member name="M:Microsoft.Owin.Security.Twitter.TwitterAuthenticationProvider.ReturnEndpoint(Microsoft.Owin.Security.Twitter.TwitterReturnEndpointContext)">
      <summary>Richiamato prima che l'oggetto <see cref="T:System.Security.Claims.ClaimsIdentity" /> venga salvato in un cookie locale e il browser venga reindirizzato all'URL richiesto in origine.</summary>
      <returns>
        <see cref="T:System.Threading.Tasks.Task" /> che rappresenta l'operazione completata.</returns>
    </member>
    <member name="T:Microsoft.Owin.Security.Twitter.TwitterReturnEndpointContext">
      <summary>Fornisce informazioni sul contesto ai provider del middleware.</summary>
    </member>
    <member name="M:Microsoft.Owin.Security.Twitter.TwitterReturnEndpointContext.#ctor(Microsoft.Owin.IOwinContext,Microsoft.Owin.Security.AuthenticationTicket)">
      <summary>Inizializza una nuova istanza di <see cref="T:Microsoft.Owin.Security.Twitter.TwitterReturnEndpointContext" />.</summary>
      <param name="context">Ambiente OWIN</param>
      <param name="ticket">Ticket di autenticazione</param>
    </member>
    <member name="T:Microsoft.Owin.Security.Twitter.Messages.AccessToken">
      <summary>Token di accesso a Twitter</summary>
    </member>
    <member name="M:Microsoft.Owin.Security.Twitter.Messages.AccessToken.#ctor"></member>
    <member name="P:Microsoft.Owin.Security.Twitter.Messages.AccessToken.ScreenName">
      <summary>Ottiene o imposta il nome della schermata di Twitter.</summary>
    </member>
    <member name="P:Microsoft.Owin.Security.Twitter.Messages.AccessToken.UserId">
      <summary>Ottiene o imposta l'ID utente di Twitter.</summary>
    </member>
    <member name="T:Microsoft.Owin.Security.Twitter.Messages.RequestToken">
      <summary>Token di richiesta a Twitter</summary>
    </member>
    <member name="M:Microsoft.Owin.Security.Twitter.Messages.RequestToken.#ctor"></member>
    <member name="P:Microsoft.Owin.Security.Twitter.Messages.RequestToken.CallbackConfirmed"></member>
    <member name="P:Microsoft.Owin.Security.Twitter.Messages.RequestToken.Properties">
      <summary>Ottiene o imposta un contenitore delle proprietà per le proprietà di autenticazione comuni</summary>
    </member>
    <member name="P:Microsoft.Owin.Security.Twitter.Messages.RequestToken.Token">
      <summary>Ottiene o imposta il token di Twitter.</summary>
    </member>
    <member name="P:Microsoft.Owin.Security.Twitter.Messages.RequestToken.TokenSecret">
      <summary>Ottiene o imposta il segreto del token di Twitter.</summary>
    </member>
    <member name="T:Microsoft.Owin.Security.Twitter.Messages.RequestTokenSerializer">
      <summary>Serializza e deserializza i token di richiesta e di accesso a Twitter in modo che possano essere utilizzati da altri componenti dell'applicazione.</summary>
    </member>
    <member name="M:Microsoft.Owin.Security.Twitter.Messages.RequestTokenSerializer.#ctor"></member>
    <member name="M:Microsoft.Owin.Security.Twitter.Messages.RequestTokenSerializer.Deserialize(System.Byte[])">
      <summary>Deserializza un token di richiesta</summary>
      <returns>Token di richiesta a Twitter</returns>
      <param name="data">Array di byte contenente il token serializzato</param>
    </member>
    <member name="M:Microsoft.Owin.Security.Twitter.Messages.RequestTokenSerializer.Read(System.IO.BinaryReader)">
      <summary>Legge un token di richiesta Twitter da una serie di byte.Utilizzato dal metodo <see cref="M:Microsoft.Owin.Security.Twitter.Messages.RequestTokenSerializer.Deserialize(System.Byte[])" />.</summary>
      <returns>Token</returns>
      <param name="reader">Lettore da utilizzare nella lettura dei byte del token</param>
    </member>
    <member name="M:Microsoft.Owin.Security.Twitter.Messages.RequestTokenSerializer.Serialize(Microsoft.Owin.Security.Twitter.Messages.RequestToken)">
      <summary>Serializza un token di richiesta</summary>
      <returns>Array di byte contenente il token serializzato</returns>
      <param name="model">Token da serializzare.</param>
    </member>
    <member name="M:Microsoft.Owin.Security.Twitter.Messages.RequestTokenSerializer.Write(System.IO.BinaryWriter,Microsoft.Owin.Security.Twitter.Messages.RequestToken)">
      <summary>Legge un token di richiesta Twitter come una serie di byte.Utilizzato dal metodo <see cref="M:Microsoft.Owin.Security.Twitter.Messages.RequestTokenSerializer.Serialize(Microsoft.Owin.Security.Twitter.Messages.RequestToken)" />.</summary>
      <param name="writer">Writer da utilizzare per la scrittura del token</param>
      <param name="token">Token da scrivere.</param>
    </member>
    <member name="T:Microsoft.Owin.Security.Twitter.Messages.Serializers">
      <summary>Fornisce accesso a un serializzatore del token della richiesta</summary>
    </member>
    <member name="P:Microsoft.Owin.Security.Twitter.Messages.Serializers.RequestToken">
      <summary>Ottiene o imposta un oggetto serializzatore disponibile staticamente.Il valore per questa proprietà sarà <see cref="T:Microsoft.Owin.Security.Twitter.Messages.RequestTokenSerializer" /> per impostazione predefinita.</summary>
    </member>
    <member name="T:Owin.TwitterAuthenticationExtensions">
      <summary>Metodi di estensione per l'utilizzo di <see cref="T:Microsoft.Owin.Security.Twitter.TwitterAuthenticationMiddleware" /></summary>
    </member>
    <member name="M:Owin.TwitterAuthenticationExtensions.UseTwitterAuthentication(Owin.IAppBuilder,Microsoft.Owin.Security.Twitter.TwitterAuthenticationOptions)">
      <summary>Autenticazione degli utenti tramite Twitter</summary>
      <returns>Oggetto <see cref="T:Owin.IAppBuilder" /> aggiornato</returns>
      <param name="app">Oggetto <see cref="T:Owin.IAppBuilder" /> passato al metodo di configurazione</param>
      <param name="options">Opzioni di configurazione del middleware</param>
    </member>
    <member name="M:Owin.TwitterAuthenticationExtensions.UseTwitterAuthentication(Owin.IAppBuilder,System.String,System.String)">
      <summary>Autenticazione degli utenti tramite Twitter</summary>
      <returns>Oggetto <see cref="T:Owin.IAppBuilder" /> aggiornato</returns>
      <param name="app">Oggetto <see cref="T:Owin.IAppBuilder" /> passato al metodo di configurazione</param>
      <param name="consumerKey">Codice del cliente emesso da Twitter</param>
      <param name="consumerSecret">Segreto del cliente emesso da Twitter</param>
    </member>
  </members>
</doc>